{"cameraMode":{"drawMode":0,"name":"Shaded","section":"Shading Mode"},"sceneLighting":true,"audioPlay":false,"sceneViewState":{"showFog":true,"showMaterialUpdate":false,"showSkybox":true,"showFlares":true,"showImageEffects":true,"showParticleSystems":true},"in2DMode":false,"pivot":{"x":-1.259889841079712,"y":0.362362802028656,"z":0.2764553427696228},"rotation":{"x":0.01464400626718998,"y":0.07850805670022965,"z":0.0011532444041222334,"w":-0.99680495262146},"size":0.47072017192840578,"orthographic":false}